Epoch,Train Loss,val Loss,Train Accuracy,val Accuracy,train_precision,val_precision,train_recall,val_recall,Train F1,val F1
1,0.0629131927747618,0.034824401806216945,0.9798412698412698,0.9905555555555555,0.9838387506809515,0.9876339653751031,0.9704459967759269,0.9913115432354158,0.9770964833183048,0.9894693371876936
2,0.00946473383880926,0.03051696453097298,0.9973809523809524,0.9927777777777778,0.9978471474703983,0.9974895397489539,0.9962385814078453,0.9863467107985106,0.9970422156493681,0.9918868317037653
3,0.007671761900337056,0.04134482491848081,0.998015873015873,0.9894444444444445,0.9982072427393331,0.9796747967479674,0.9973132724341752,0.9971038477451386,0.997760057342532,0.9883124871847447
4,0.0043060395806660936,0.031234027271810107,0.9981746031746032,0.9931481481481481,0.9980293801504837,0.9917355371900827,0.9978506179473401,0.9929664873810509,0.9979399910434393,0.9923506305561298
5,0.0009210661529608052,0.04004757037250255,0.9996825396825397,0.9938888888888889,0.999820820641462,0.9950166112956811,0.999462654486835,0.9913115432354158,0.9996417054819061,0.993160621761658
6,0.00016628779889692346,0.04283527359117681,1.0,0.9942592592592593,1.0,0.9962562396006656,1.0,0.990897807199007,1.0,0.9935697987969301
