model,Accuracy,precision,recall,f1
fasttext,0.9709333333333333,0.9534976152623211,0.9596,0.9565390749601276
bert,0.9951333333333333,0.995375025135733,0.99,0.9926802366389251
voting,0.99,0.9904935275080906,0.9794,0.9849155269509252
stacking,0.9954,0.9957771968630605,0.9904,0.9930813195628196
logistic,0.9646,0.9446766169154229,0.9494,0.9470324189526185
