Accuracy,precision,recall,f1,Log Loss,KS Statistic
0.9575925925925926,0.9618448637316562,0.9432565789473685,0.9524600373676562,0.1159015518711057,0.9151497552844375
